{"cameraMode":{"drawMode":0,"name":"Shaded","section":"Shading Mode"},"sceneLighting":true,"audioPlay":false,"sceneViewState":{"m_AlwaysRefresh":false,"showFog":true,"showSkybox":true,"showFlares":true,"showImageEffects":true,"showParticleSystems":true,"showVisualEffectGraphs":true,"m_FxEnabled":true},"in2DMode":false,"pivot":{"x":0.33670347929000857,"y":2.614328384399414,"z":1.4426751136779786},"rotation":{"x":0.24818538129329682,"y":-0.005816843826323748,"z":0.0014904974959790707,"w":0.9686987996101379},"size":1.6709619760513306,"orthographic":false}