{"cameraMode":{"drawMode":0,"name":"Shaded","section":"Shading Mode"},"sceneLighting":true,"audioPlay":false,"sceneViewState":{"m_AlwaysRefresh":false,"showFog":true,"showSkybox":true,"showFlares":true,"showImageEffects":true,"showParticleSystems":true,"showVisualEffectGraphs":true,"m_FxEnabled":true},"in2DMode":false,"pivot":{"x":1.6704177856445313,"y":1.0363707542419434,"z":1.2065707445144654},"rotation":{"x":0.2161310315132141,"y":0.6987881064414978,"z":-0.2360851913690567,"w":0.6397250294685364},"size":4.1170477867126469,"orthographic":false}